Type;Phrase;PERSONNALISATION_DIVINE Score;PERMISSION_GODIN Score;Risque_Moyen_EUR;Perte_Potentielle_Min;Perte_Potentielle_Max;Taux_Attaque_Secteur;Cout_Protection_Annuel;ROI_Potentiel;Temps_Detection_Jours;Taux_Recuperation_Fonds;Angle_Principal
Hyper-personnalisée;"[Nom Entreprise] : Suite à [actualité récente entreprise], comment sécurisez-vous vos [X]M€ de CA face aux deepfakes ciblant spécifiquement le secteur [secteur] ?";9/10;4.2/5;125000;95000;150000;44%;1950;6400%;14;22%;Actualité+secteur cible
Cible privilégiée directe;"[Entreprise] coche toutes les cases recherchées par les fraudeurs : [CA estimé] de CA, [effectifs] employés, secteur [secteur]. Vous n'êtes pas une entreprise au hasard - vous êtes UNE CIBLE. Accepteriez-vous 15 minutes pour comprendre pourquoi ?";8/10;4.8/5;175000;95000;250000;64%;3900;4500%;14;22%;Entreprise = cible parfaite
Générique informée;"En tant que dirigeant d'une [PME/ETI] de [secteur], savez-vous que votre profil correspond exactement aux cibles privilégiées des fraudeurs IA ? Puis-je vous montrer les statistiques de votre segment ?";7/10;4.6/5;175000;95000;250000;64%;3900;4500%;14;22%;Profil cible privilégié
Basée sur parcours digital;"Votre présence LinkedIn montre [X] employés chez [Entreprise]. Cette visibilité facilite les attaques par ingénierie sociale. Accepteriez-vous un audit de votre exposition digitale ?";8/10;4.4/5;150000;50000;200000;52%;2925;5100%;14;22%;Exposition digitale cible
ROI personnalisé;"[Nom DAF], pour une entreprise générant [CA estimé], une fraude représente [CA/50] de perte potentielle. À [195€/user], notre protection coûte [calcul] - soit [ROI%]% de retour la première année. Ce calcul vous interpelle-t-il ?";9/10;4.0/5;200000;100000;380000;32%;3900;5100%;14;22%;ROI vs risque
DAF cible privilégiée;"[Nom DAF], votre signature vaut [estimation virement moyen] par validation. Les criminels connaissent votre pression opérationnelle et exploitent votre stress fiduciaire. Le risque est faible (22% sur 5 ans) mais l'impact détruit votre carrière. Accepteriez-vous 15 minutes pour sécuriser VOS validations sans former personne d'autre ?";9/10;4.0/5;300000;150000;500000;22%;5850;5100%;3;22%;DAF = cible #1 + risque rare/impact fort
Générique financière DAF;"En tant que gardien de la trésorerie, comment équilibrez-vous sécurité des transactions et fluidité opérationnelle ? Puis-je vous montrer comment résoudre ce dilemme spécifique aux DAF ?";6/10;4.8/5;125000;50000;200000;32%;1950;6400%;14;22%;Dilemme DAF
Stress opérationnel personnalisé;"Avec [X virements/mois estimés], vous validez environ [calcul] transactions sensibles mensuellement. Une seule erreur de validation peut représenter [montant]. Accepteriez-vous de voir comment automatiser cette vérification ?";8/10;4.2/5;300000;150000;500000;63%;5850;5100%;3;22%;Volume transactionnel
Stack technique;"Votre infrastructure [ERP détecté/estimé] nécessite une intégration sans friction. Sealfie s'interface nativement avec [systèmes compatibles]. Souhaitez-vous voir l'architecture d'intégration spécifique à votre environnement ?";8/10;4.2/5;175000;95000;250000;52%;3900;4500%;14;22%;Intégration simple
Générique technique;"Face aux deepfakes indétectables, comment évaluez-vous l'efficacité de vos MFA actuels ? Puis-je vous présenter notre approche multi-sources qui dépasse les limites technologiques actuelles ?";6/10;4.4/5;125000;50000;200000;52%;1950;6400%;14;22%;Limite techno actuelle
Statistiques sectorielles;"Le secteur [secteur] représente [%] des fraudes BEC en France. [Entreprise] avec [CA] se situe dans la tranche à risque maximum. Souhaitez-vous recevoir l'analyse complète de votre segment ?";9/10;4.6/5;380000;250000;500000;44%;9750;3900%;14;22%;Zone rouge statistique
Générique awareness;"88% des entreprises de votre taille ont subi une tentative de fraude au PDG. Plutôt que d'apprendre à reconnaître toutes les attaques possibles, ne préféreriez-vous pas un processus fiable ? Puis-je vous envoyer notre guide de simplification ?";6/10;4.8/5;150000;95000;200000;88%;2925;5100%;14;22%;Simplicité vs formation
Adoption simplifiée;"Contrairement aux formations cybersécurité qui prennent des heures et forment tout le monde, notre protection cible uniquement VOS validations critiques. 0 formation nécessaire, 0 résistance utilisateur, juste UNE validation en plus qui vous protège TOUT. Souhaitez-vous voir comment protéger [Entreprise] en 48h sans formation ?";7/10;4.6/5;125000;50000;200000;64%;1950;6400%;14;22%;0 formation vs formation massive
Bénéfices métier spécifiques;"Pour [Entreprise], Sealfie apporte : élimination des [problème identifié], gain de [temps calculé], conformité [réglementation secteur]. Lequel de ces bénéfices résonne le plus avec vos priorités actuelles ?";9/10;4.4/5;200000;100000;380000;32%;3900;5100%;14;22%;Bénéfices sur-mesure
Générique bénéfices;"La cybersécurité ne devrait pas être un fardeau quotidien. Accepteriez-vous de voir comment Sealfie transforme cette contrainte en simple geste de 2 secondes ?";5/10;4.2/5;125000;50000;200000;64%;1950;6400%;14;22%;Simplicité 2 secondes
Peers sectoriels;"D'autres [titre] de [secteur] ont adopté Sealfie et constatent [bénéfice mesuré]. [Nom concurrent anonymisé] a réduit ses validations de [temps] à [temps]. Souhaiteriez-vous échanger avec un pair de votre secteur ?";9/10;4.6/5;250000;150000;380000;32%;5850;4300%;14;22%;Validation pairs
Générique sociale;"500+ entreprises vigilantes nous font confiance pour sécuriser leur trésorerie. Cette adoption massive prouve l'adéquation entre notre solution et les besoins réels. Souhaitez-vous voir pourquoi vos pairs nous choisissent ?";6/10;4.2/5;150000;95000;200000;64%;2925;5100%;14;22%;Preuve sociale massive
Configuration spécifique;"Pour [Entreprise] : [X] utilisateurs, [Y] transactions/mois, déploiement [délai personnalisé]. Investissement total : [calcul] vs risque éliminé : [estimation]. Ce plan vous convient-il pour planifier l'implémentation ?";10/10;4.0/5;500000;250000;1000000;44%;19500;2600%;3;22%;Plan sur-mesure complet
Générique décision;"Implémentation en 20 minutes, 195€/utilisateur/an, protection immédiate. Seriez-vous prêt à planifier votre déploiement cette semaine ?";4/10;3.6/5;125000;50000;200000;64%;1950;6400%;14;22%;Rapidité déploiement
Audit personnalisé;"Accepteriez-vous un audit gratuit des vulnérabilités spécifiques à [Entreprise] ? Notre analyse portera sur [points d'exposition identifiés] et vous recevrez un rapport confidentiel sans engagement.";8/10;4.6/5;175000;95000;250000;52%;3900;4500%;14;22%;Audit sur-mesure
Générique info;"Puis-je vous envoyer notre guide sur les nouvelles menaces deepfake spécifiques à votre secteur ?";5/10;4.2/5;125000;50000;200000;52%;1950;6400%;14;22%;Info secteur ciblée
Démo adaptée;"Seriez-vous ouvert à une démonstration de 15 minutes utilisant un cas d'usage similaire à [Entreprise] ? Je préparerai un scénario basé sur [processus identifié] pour maximiser la pertinence.";9/10;4.8/5;200000;100000;380000;32%;3900;5100%;14;22%;Démo sur-mesure
Générique engagement;"Accepteriez-vous une démonstration de 15 minutes adaptée aux enjeux spécifiques des DAF ?";6/10;4.4/5;125000;50000;200000;32%;1950;6400%;14;22%;Focus DAF
Implémentation sur-mesure;"Le planning d'implémentation pour [Entreprise] : J1-5 configuration, J6-10 formation [X] utilisateurs, J11-15 déploiement graduel. Vos contraintes de [période identifiée] sont-elles compatibles avec ce calendrier ?";10/10;4.2/5;500000;250000;1000000;44%;19500;2600%;3;22%;Planning personnalisé
Risque spécifique zone rouge;"Le secteur [secteur] subit [statistique récente] d'attaques supplémentaires vs moyenne. [Concurrent récent] a perdu [montant] le mois dernier. [Entreprise] avec [profil de risque] se trouve en zone rouge statistique. Accepteriez-vous une évaluation de votre exposition ?";9/10;3.8/5;380000;250000;500000;123%;9750;3900%;14;22%;Zone rouge factuelle
Générique urgence ANSSI;"Les attaques au faux PDG augmentent de 300% cette année selon l'ANSSI. Votre secteur fait-il partie des plus touchés ? Puis-je vous envoyer les statistiques officielles ?";6/10;4.2/5;150000;95000;200000;300%;2925;5100%;14;22%;Urgence source officielle
Impact calculé personnalisé;"Pour [Entreprise] : risque de perte [montant basé sur CA], coût de protection [calcul précis], ROI [%] dès le premier incident évité. Cette équation justifie-t-elle une action immédiate ?";9/10;3.6/5;300000;150000;584600;64%;5850;5100%;14;22%;Équation risque précise
Générique financière ROI;"Investir 195€/utilisateur/an pour éliminer un risque à millions n'est pas une dépense - c'est de la gestion de risque éclairée. Cette logique vous semble-t-elle évidente ?";5/10;3.8/5;125000;50000;200000;64%;1950;6400%;14;22%;Logique ROI évidente
Compliance spécifique;"[Entreprise] étant soumise à [réglementation secteur], nos attestations de validation renforcent votre conformité [norme spécifique]. Cette dimension compliance vous intéresse-t-elle particulièrement ?";8/10;4.4/5;175000;95000;250000;18%;3900;4500%;14;22%;Conformité renforcée
Générique française RGPD;"Conformément au RGPD et à votre droit à la protection des données, nous ne transmettons jamais vos informations à des tiers. Cette confidentialité étant garantie, accepteriez-vous notre analyse personnalisée ?";6/10;4.8/5;125000;50000;200000;64%;1950;6400%;14;22%;Confiance RGPD
Proximité géographique;"Notre équipe [région] connaît les spécificités des entreprises [secteur] de votre bassin économique. [Référence locale] fait partie de nos clients. Cette proximité géographique faciliterait-elle nos échanges ?";8/10;4.2/5;175000;95000;250000;32%;3900;4500%;14;22%;Proximité locale
Urgence carrière DAF;"[Nom DAF], une fraude détruit 15 ans de carrière : 89% des DAF victimes changent de poste sous 18 mois, 67% acceptent -30% de salaire. Vous pariez [montant risque] et votre réputation contre [coût protection] d'investissement. Votre choix, votre responsabilité, votre carrière.";9/10;3.4/5;300000;150000;500000;89%;5850;5100%;14;22%;Impact carrière personnel
Simplicité adoption hiérarchie;"Vous savez que vous devez vous protéger. Le problème ? Faire adopter par vos équipes. Solution : ROI [calcul]% dès le 1er incident, intégration [ERP] en 20 min, 0 formation. Même votre comptable de 60 ans y arrive. Souhaitez-vous voir comment protéger [Entreprise] en 48h sans résistance ?";8/10;4.4/5;200000;100000;300000;32%;3900;5100%;14;22%;Adoption sans résistance
Protection ciblée vs formation masse;"22% de risque sur 5 ans pour VOUS spécifiquement. Contrairement aux formations cyber qui forment 100 personnes pendant des heures, nous protégeons uniquement VOS validations critiques. Simple scan QR = protection totale. Accepteriez-vous 15 minutes pour sécuriser votre signature sans former l'entreprise ?";8/10;4.2/5;175000;95000;250000;22%;3900;4500%;14;22%;Ciblage DAF vs formation globale
